"Name","Context","Quote"
"Jing Kai","Discussing the importance of customer satisfaction in Toyota's philosophy","At Toyota, our primary focus is on customer satisfaction. We believe that providing a positive experience is the key to building long-lasting relationships with our valued customers."
"Jing Kai","Explaining Toyota's commitment to innovation and future-oriented thinking","Innovation is at the core of Toyota's DNA. We continuously strive to push the boundaries and envision a future where mobility is smarter, safer, and more sustainable."
"Jing Kai","Addressing the significance of teamwork in Toyota's success","Collaboration and teamwork are the driving forces behind our achievements. Together, we work cohesively to deliver excellence in every aspect of our operations."
"Jing Kai","Elucidating Toyota's dedication to environmental responsibility","As a responsible automaker, we are deeply committed to reducing our environmental footprint. Our goal is to create a greener and cleaner world for future generations."
"Jing Kai","Talking about the timeless appeal of Toyota vehicles","Toyota cars are designed not only to meet current demands but to stand the test of time. We take pride in producing vehicles that retain their value and appeal for years to come."
"Jing Kai","Sharing Toyota's vision for safer roads","Our vision is to eliminate accidents and create a world with zero road fatalities. Safety is not just a feature; it's an integral part of every Toyota vehicle."
"Jing Kai","Explaining the importance of reliability in Toyota's engineering","When you choose a Toyota, you're investing in a vehicle renowned for its reliability. We want our customers to have peace of mind knowing their Toyota will always perform as expected."
"Jing Kai","Discussing the joy of driving a Toyota","Owning a Toyota is not just about getting from point A to point B; it's about enjoying the journey. We believe in providing a driving experience that brings happiness to our customers' lives."
"Jing Kai","Addressing the significance of community and customer feedback","Listening to our customers' feedback is the driving force behind continuous improvement. We value the Toyota community's input in shaping the future of our vehicles and services."
"Jing Kai","Emphasizing Toyota's commitment to diversity and inclusivity","At Toyota, diversity is celebrated and valued. We believe in fostering an inclusive environment that harnesses the power of different perspectives to drive innovation."